"filename", "language", "XML", "JavaScript", "JSON", "JSON with Comments", "JavaScript JSX", "PostCSS", "Markdown", "comment", "blank", "total"
"d:\Full Stack Websites\blogghar\README.md", "Markdown", 0, 0, 0, 0, 0, 0, 23, 0, 14, 37
"d:\Full Stack Websites\blogghar\app\globals.css", "PostCSS", 0, 0, 0, 0, 0, 117, 0, 0, 6, 123
"d:\Full Stack Websites\blogghar\app\layout.js", "JavaScript", 0, 26, 0, 0, 0, 0, 0, 0, 3, 29
"d:\Full Stack Websites\blogghar\app\page.jsx", "JavaScript JSX", 0, 0, 0, 0, 118, 0, 0, 0, 8, 126
"d:\Full Stack Websites\blogghar\components.json", "JSON", 0, 0, 22, 0, 0, 0, 0, 0, 1, 23
"d:\Full Stack Websites\blogghar\components\ui\ListBlogCard.jsx", "JavaScript JSX", 0, 0, 0, 0, 29, 0, 0, 0, 2, 31
"d:\Full Stack Websites\blogghar\components\ui\blogCard.jsx", "JavaScript JSX", 0, 0, 0, 0, 33, 0, 0, 0, 2, 35
"d:\Full Stack Websites\blogghar\components\ui\button.jsx", "JavaScript JSX", 0, 0, 0, 0, 51, 0, 0, 0, 6, 57
"d:\Full Stack Websites\blogghar\components\ui\card.jsx", "JavaScript JSX", 0, 0, 0, 0, 92, 0, 0, 0, 10, 102
"d:\Full Stack Websites\blogghar\components\ui\container.jsx", "JavaScript JSX", 0, 0, 0, 0, 15, 0, 0, 0, 3, 18
"d:\Full Stack Websites\blogghar\components\ui\dropdown-menu.jsx", "JavaScript JSX", 0, 0, 0, 0, 205, 0, 0, 0, 19, 224
"d:\Full Stack Websites\blogghar\components\ui\footer.jsx", "JavaScript JSX", 0, 0, 0, 0, 7, 0, 0, 0, 2, 9
"d:\Full Stack Websites\blogghar\components\ui\input.jsx", "JavaScript JSX", 0, 0, 0, 0, 21, 0, 0, 0, 4, 25
"d:\Full Stack Websites\blogghar\components\ui\item.jsx", "JavaScript JSX", 0, 0, 0, 0, 183, 0, 0, 0, 15, 198
"d:\Full Stack Websites\blogghar\components\ui\navbar.jsx", "JavaScript JSX", 0, 0, 0, 0, 54, 0, 0, 0, 5, 59
"d:\Full Stack Websites\blogghar\components\ui\search_input.jsx", "JavaScript JSX", 0, 0, 0, 0, 17, 0, 0, 0, 2, 19
"d:\Full Stack Websites\blogghar\components\ui\separator.jsx", "JavaScript JSX", 0, 0, 0, 0, 23, 0, 0, 0, 5, 28
"d:\Full Stack Websites\blogghar\components\ui\toggleButton.jsx", "JavaScript JSX", 0, 0, 0, 0, 36, 0, 0, 0, 5, 41
"d:\Full Stack Websites\blogghar\constant\index.jsx", "JavaScript JSX", 0, 0, 0, 0, 6, 0, 0, 0, 0, 6
"d:\Full Stack Websites\blogghar\eslint.config.mjs", "JavaScript", 0, 12, 0, 0, 0, 0, 0, 2, 3, 17
"d:\Full Stack Websites\blogghar\jsconfig.json", "JSON with Comments", 0, 0, 0, 7, 0, 0, 0, 0, 1, 8
"d:\Full Stack Websites\blogghar\lib\themeProvider.js", "JavaScript", 0, 9, 0, 0, 0, 0, 0, 0, 4, 13
"d:\Full Stack Websites\blogghar\lib\utils.js", "JavaScript", 0, 5, 0, 0, 0, 0, 0, 0, 2, 7
"d:\Full Stack Websites\blogghar\next.config.mjs", "JavaScript", 0, 4, 0, 0, 0, 0, 0, 2, 2, 8
"d:\Full Stack Websites\blogghar\package-lock.json", "JSON", 0, 0, 7314, 0, 0, 0, 0, 0, 1, 7315
"d:\Full Stack Websites\blogghar\package.json", "JSON", 0, 0, 32, 0, 0, 0, 0, 0, 1, 33
"d:\Full Stack Websites\blogghar\postcss.config.mjs", "JavaScript", 0, 6, 0, 0, 0, 0, 0, 0, 2, 8
"d:\Full Stack Websites\blogghar\public\wavesOpacity_dark.svg", "XML", 1, 0, 0, 0, 0, 0, 0, 0, 0, 1
"d:\Full Stack Websites\blogghar\public\wavesOpacity_light.svg", "XML", 1, 0, 0, 0, 0, 0, 0, 0, 0, 1
"Total", "-", 2, 62, 7368, 7, 890, 117, 23, 4, 128, 8601